"RRR","AAA"
"DK1","DK1_Large"
"DK1","DK1_Rural"
"DK1","DK1_Medium"
"DK1","DK1_Small"
"DK1","DK1_MedSmall"
"DK1","DK1_NoDH"
"DK1","DK1_Offshore"
"DK1","DK1_VRE-OFF1_RG1_20-30"
"DK1","DK1_VRE-OFF1_RG2_20-30"
"DK1","DK1_VRE-OFF1_RG3_20-30"
"DK1","DK1_VRE-OFF1_RG1_30-40"
"DK1","DK1_VRE-OFF1_RG2_30-40"
"DK1","DK1_VRE-OFF1_RG3_30-40"
"DK1","DK1_VRE-OFF1_RG1_40-50"
"DK1","DK1_VRE-OFF1_RG2_40-50"
"DK1","DK1_VRE-OFF1_RG3_40-50"
"DK1","DK1_VRE-OFF1_RG1_50"
"DK1","DK1_VRE-OFF1_RG2_50"
"DK1","DK1_VRE-OFF1_RG3_50"
"DK1","DK1_VRE-ONS_RG1_20-30"
"DK1","DK1_VRE-ONS_RG2_20-30"
"DK1","DK1_VRE-ONS_RG3_20-30"
"DK1","DK1_VRE-ONS_RG1_30-40"
"DK1","DK1_VRE-ONS_RG2_30-40"
"DK1","DK1_VRE-ONS_RG3_30-40"
"DK1","DK1_VRE-ONS_RG1_40-50"
"DK1","DK1_VRE-ONS_RG2_40-50"
"DK1","DK1_VRE-ONS_RG3_40-50"
"DK1","DK1_VRE-ONS_RG1_50"
"DK1","DK1_VRE-ONS_RG2_50"
"DK1","DK1_VRE-ONS_RG3_50"
"DK1","DK1_VRE-ONS-LW_RG1_20-30"
"DK1","DK1_VRE-ONS-LW_RG2_20-30"
"DK1","DK1_VRE-ONS-LW_RG3_20-30"
"DK1","DK1_VRE-ONS-LW_RG1_30-40"
"DK1","DK1_VRE-ONS-LW_RG2_30-40"
"DK1","DK1_VRE-ONS-LW_RG3_30-40"
"DK1","DK1_VRE-ONS-LW_RG1_40-50"
"DK1","DK1_VRE-ONS-LW_RG2_40-50"
"DK1","DK1_VRE-ONS-LW_RG3_40-50"
"DK1","DK1_VRE-ONS-LW_RG1_50"
"DK1","DK1_VRE-ONS-LW_RG2_50"
"DK1","DK1_VRE-ONS-LW_RG3_50"
"DK1","DK1_IND-HT-NODH"
"DK1","DK1_IND-HT-DH"
"DK1","DK1_IND-LT-NODH"
"DK1","DK1_IND-LT-DH"
"DK1","DK1_IND-MT-NODH"
"DK1","DK1_IND-MT-DH"
"DK1","DK1_IDVU-HOTWTR"
"DK1","DK1_IDVU-SPACEHEAT"
"DK2","DK2_Large"
"DK2","DK2_Rural"
"DK2","DK2_Medium"
"DK2","DK2_MedSmall"
"DK2","DK2_Small"
"DK2","DK2_NoDH"
"DK2","DK2_Offshore"
"DK2","DK2_VRE-OFF1_RG1_20-30"
"DK2","DK2_VRE-OFF1_RG2_20-30"
"DK2","DK2_VRE-OFF1_RG1_30-40"
"DK2","DK2_VRE-OFF1_RG2_30-40"
"DK2","DK2_VRE-OFF1_RG1_40-50"
"DK2","DK2_VRE-OFF1_RG2_40-50"
"DK2","DK2_VRE-OFF1_RG1_50"
"DK2","DK2_VRE-OFF1_RG2_50"
"DK2","DK2_VRE-ONS_RG1_20-30"
"DK2","DK2_VRE-ONS_RG2_20-30"
"DK2","DK2_VRE-ONS_RG3_20-30"
"DK2","DK2_VRE-ONS_RG1_30-40"
"DK2","DK2_VRE-ONS_RG2_30-40"
"DK2","DK2_VRE-ONS_RG3_30-40"
"DK2","DK2_VRE-ONS_RG1_40-50"
"DK2","DK2_VRE-ONS_RG2_40-50"
"DK2","DK2_VRE-ONS_RG3_40-50"
"DK2","DK2_VRE-ONS_RG1_50"
"DK2","DK2_VRE-ONS_RG2_50"
"DK2","DK2_VRE-ONS_RG3_50"
"DK2","DK2_VRE-ONS-LW_RG1_20-30"
"DK2","DK2_VRE-ONS-LW_RG2_20-30"
"DK2","DK2_VRE-ONS-LW_RG3_20-30"
"DK2","DK2_VRE-ONS-LW_RG1_30-40"
"DK2","DK2_VRE-ONS-LW_RG2_30-40"
"DK2","DK2_VRE-ONS-LW_RG3_30-40"
"DK2","DK2_VRE-ONS-LW_RG1_40-50"
"DK2","DK2_VRE-ONS-LW_RG2_40-50"
"DK2","DK2_VRE-ONS-LW_RG3_40-50"
"DK2","DK2_VRE-ONS-LW_RG1_50"
"DK2","DK2_VRE-ONS-LW_RG2_50"
"DK2","DK2_VRE-ONS-LW_RG3_50"
"DK2","DK2_IND-HT-NODH"
"DK2","DK2_IND-HT-DH"
"DK2","DK2_IND-LT-NODH"
"DK2","DK2_IND-LT-DH"
"DK2","DK2_IND-MT-NODH"
"DK2","DK2_IND-MT-DH"
"DK2","DK2_IDVU-HOTWTR"
"DK2","DK2_IDVU-SPACEHEAT"
"FIN","FinA"
"FIN","FI_large"
"FIN","FI_large_gas"
"FIN","FI_medium"
"FIN","FI_medium_gas"
"FIN","FI_small"
"FIN","FI_small_gas"
"FIN","FI_VRE-OFF1_RG2_20-30"
"FIN","FI_VRE-OFF1_RG2_30-40"
"FIN","FI_VRE-OFF1_RG2_40-50"
"FIN","FI_VRE-OFF1_RG2_50"
"FIN","FIN_VRE-ONS_RG1_20-30"
"FIN","FIN_VRE-ONS_RG2_20-30"
"FIN","FIN_VRE-ONS_RG3_20-30"
"FIN","FIN_VRE-ONS_RG1_30-40"
"FIN","FIN_VRE-ONS_RG2_30-40"
"FIN","FIN_VRE-ONS_RG3_30-40"
"FIN","FIN_VRE-ONS_RG1_40-50"
"FIN","FIN_VRE-ONS_RG2_40-50"
"FIN","FIN_VRE-ONS_RG3_40-50"
"FIN","FIN_VRE-ONS_RG1_50"
"FIN","FIN_VRE-ONS_RG2_50"
"FIN","FIN_VRE-ONS_RG3_50"
"FIN","FIN_VRE-ONS-LW_RG1_20-30"
"FIN","FIN_VRE-ONS-LW_RG2_20-30"
"FIN","FIN_VRE-ONS-LW_RG3_20-30"
"FIN","FIN_VRE-ONS-LW_RG1_30-40"
"FIN","FIN_VRE-ONS-LW_RG2_30-40"
"FIN","FIN_VRE-ONS-LW_RG3_30-40"
"FIN","FIN_VRE-ONS-LW_RG1_40-50"
"FIN","FIN_VRE-ONS-LW_RG2_40-50"
"FIN","FIN_VRE-ONS-LW_RG3_40-50"
"FIN","FIN_VRE-ONS-LW_RG1_50"
"FIN","FIN_VRE-ONS-LW_RG2_50"
"FIN","FIN_VRE-ONS-LW_RG3_50"
"FIN","FIN_IND-HT-NODH"
"FIN","FIN_IND-HT-DH"
"FIN","FIN_IND-LT-NODH"
"FIN","FIN_IND-LT-DH"
"FIN","FIN_IND-MT-NODH"
"FIN","FIN_IND-MT-DH"
"FIN","FIN_IDVU-HOTWTR"
"FIN","FIN_IDVU-SPACEHEAT"
"DE4-E","DE4-E_A"
"DE4-E","DE4-E_Offshore"
"DE4-E","DE4-NE_VRE-OFF1_RG2_20-30"
"DE4-E","DE4-NE_VRE-OFF1_RG3_20-30"
"DE4-E","DE4-NE_VRE-OFF1_RG2_30-40"
"DE4-E","DE4-NE_VRE-OFF1_RG3_30-40"
"DE4-E","DE4-NE_VRE-OFF1_RG2_40-50"
"DE4-E","DE4-NE_VRE-OFF1_RG3_40-50"
"DE4-E","DE4-NE_VRE-OFF1_RG2_50"
"DE4-E","DE4-NE_VRE-OFF1_RG3_50"
"DE4-E","DE4-E_VRE-ONS_RG1_20-30"
"DE4-E","DE4-E_VRE-ONS_RG2_20-30"
"DE4-E","DE4-E_VRE-ONS_RG3_20-30"
"DE4-E","DE4-E_VRE-ONS_RG1_30-40"
"DE4-E","DE4-E_VRE-ONS_RG2_30-40"
"DE4-E","DE4-E_VRE-ONS_RG3_30-40"
"DE4-E","DE4-E_VRE-ONS_RG1_40-50"
"DE4-E","DE4-E_VRE-ONS_RG2_40-50"
"DE4-E","DE4-E_VRE-ONS_RG3_40-50"
"DE4-E","DE4-E_VRE-ONS_RG1_50"
"DE4-E","DE4-E_VRE-ONS_RG2_50"
"DE4-E","DE4-E_VRE-ONS_RG3_50"
"DE4-E","DE4-E_VRE-ONS-LW_RG1_20-30"
"DE4-E","DE4-E_VRE-ONS-LW_RG2_20-30"
"DE4-E","DE4-E_VRE-ONS-LW_RG3_20-30"
"DE4-E","DE4-E_VRE-ONS-LW_RG1_30-40"
"DE4-E","DE4-E_VRE-ONS-LW_RG2_30-40"
"DE4-E","DE4-E_VRE-ONS-LW_RG3_30-40"
"DE4-E","DE4-E_VRE-ONS-LW_RG1_40-50"
"DE4-E","DE4-E_VRE-ONS-LW_RG2_40-50"
"DE4-E","DE4-E_VRE-ONS-LW_RG3_40-50"
"DE4-E","DE4-E_VRE-ONS-LW_RG1_50"
"DE4-E","DE4-E_VRE-ONS-LW_RG2_50"
"DE4-E","DE4-E_VRE-ONS-LW_RG3_50"
"DE4-E","DE4-E_IND-HT-NODH"
"DE4-E","DE4-E_IND-HT-DH"
"DE4-E","DE4-E_IND-LT-NODH"
"DE4-E","DE4-E_IND-LT-DH"
"DE4-E","DE4-E_IND-MT-NODH"
"DE4-E","DE4-E_IND-MT-DH"
"DE4-E","DE4-E_IDVU-HOTWTR"
"DE4-E","DE4-E_IDVU-SPACEHEAT"
"DE4-N","DE4-N_A"
"DE4-N","DE4-N_Offshore"
"DE4-N","DE4-N_VRE-ONS_RG1_20-30"
"DE4-N","DE4-N_VRE-ONS_RG2_20-30"
"DE4-N","DE4-N_VRE-ONS_RG3_20-30"
"DE4-N","DE4-N_VRE-ONS_RG1_30-40"
"DE4-N","DE4-N_VRE-ONS_RG2_30-40"
"DE4-N","DE4-N_VRE-ONS_RG3_30-40"
"DE4-N","DE4-N_VRE-ONS_RG1_40-50"
"DE4-N","DE4-N_VRE-ONS_RG2_40-50"
"DE4-N","DE4-N_VRE-ONS_RG3_40-50"
"DE4-N","DE4-N_VRE-ONS_RG1_50"
"DE4-N","DE4-N_VRE-ONS_RG2_50"
"DE4-N","DE4-N_VRE-ONS_RG3_50"
"DE4-N","DE4-N_VRE-ONS-LW_RG1_20-30"
"DE4-N","DE4-N_VRE-ONS-LW_RG2_20-30"
"DE4-N","DE4-N_VRE-ONS-LW_RG3_20-30"
"DE4-N","DE4-N_VRE-ONS-LW_RG1_30-40"
"DE4-N","DE4-N_VRE-ONS-LW_RG2_30-40"
"DE4-N","DE4-N_VRE-ONS-LW_RG3_30-40"
"DE4-N","DE4-N_VRE-ONS-LW_RG1_40-50"
"DE4-N","DE4-N_VRE-ONS-LW_RG2_40-50"
"DE4-N","DE4-N_VRE-ONS-LW_RG3_40-50"
"DE4-N","DE4-N_VRE-ONS-LW_RG1_50"
"DE4-N","DE4-N_VRE-ONS-LW_RG2_50"
"DE4-N","DE4-N_VRE-ONS-LW_RG3_50"
"DE4-N","DE4-N_IND-HT-NODH"
"DE4-N","DE4-N_IND-HT-DH"
"DE4-N","DE4-N_IND-LT-NODH"
"DE4-N","DE4-N_IND-LT-DH"
"DE4-N","DE4-N_IND-MT-NODH"
"DE4-N","DE4-N_IND-MT-DH"
"DE4-N","DE4-N_IDVU-HOTWTR"
"DE4-N","DE4-N_IDVU-SPACEHEAT"
"DE4-S","DE4-S_A"
"DE4-S","DE4-S_VRE-ONS_RG1_20-30"
"DE4-S","DE4-S_VRE-ONS_RG2_20-30"
"DE4-S","DE4-S_VRE-ONS_RG3_20-30"
"DE4-S","DE4-S_VRE-ONS_RG1_30-40"
"DE4-S","DE4-S_VRE-ONS_RG2_30-40"
"DE4-S","DE4-S_VRE-ONS_RG3_30-40"
"DE4-S","DE4-S_VRE-ONS_RG1_40-50"
"DE4-S","DE4-S_VRE-ONS_RG2_40-50"
"DE4-S","DE4-S_VRE-ONS_RG3_40-50"
"DE4-S","DE4-S_VRE-ONS_RG1_50"
"DE4-S","DE4-S_VRE-ONS_RG2_50"
"DE4-S","DE4-S_VRE-ONS_RG3_50"
"DE4-S","DE4-S_VRE-ONS-LW_RG1_20-30"
"DE4-S","DE4-S_VRE-ONS-LW_RG2_20-30"
"DE4-S","DE4-S_VRE-ONS-LW_RG3_20-30"
"DE4-S","DE4-S_VRE-ONS-LW_RG1_30-40"
"DE4-S","DE4-S_VRE-ONS-LW_RG2_30-40"
"DE4-S","DE4-S_VRE-ONS-LW_RG3_30-40"
"DE4-S","DE4-S_VRE-ONS-LW_RG1_40-50"
"DE4-S","DE4-S_VRE-ONS-LW_RG2_40-50"
"DE4-S","DE4-S_VRE-ONS-LW_RG3_40-50"
"DE4-S","DE4-S_VRE-ONS-LW_RG1_50"
"DE4-S","DE4-S_VRE-ONS-LW_RG2_50"
"DE4-S","DE4-S_VRE-ONS-LW_RG3_50"
"DE4-S","DE4-S_IND-HT-NODH"
"DE4-S","DE4-S_IND-HT-DH"
"DE4-S","DE4-S_IND-LT-NODH"
"DE4-S","DE4-S_IND-LT-DH"
"DE4-S","DE4-S_IND-MT-NODH"
"DE4-S","DE4-S_IND-MT-DH"
"DE4-S","DE4-S_IDVU-HOTWTR"
"DE4-S","DE4-S_IDVU-SPACEHEAT"
"DE4-W","DE4-W_A"
"DE4-W","DE4-W_Offshore"
"DE4-W","DE4-NW_VRE-OFF1_RG1_20-30"
"DE4-W","DE4-NW_VRE-OFF1_RG2_20-30"
"DE4-W","DE4-NW_VRE-OFF1_RG3_20-30"
"DE4-W","DE4-NW_VRE-OFF1_RG1_30-40"
"DE4-W","DE4-NW_VRE-OFF1_RG2_30-40"
"DE4-W","DE4-NW_VRE-OFF1_RG3_30-40"
"DE4-W","DE4-NW_VRE-OFF1_RG1_40-50"
"DE4-W","DE4-NW_VRE-OFF1_RG2_40-50"
"DE4-W","DE4-NW_VRE-OFF1_RG3_40-50"
"DE4-W","DE4-NW_VRE-OFF1_RG1_50"
"DE4-W","DE4-NW_VRE-OFF1_RG2_50"
"DE4-W","DE4-NW_VRE-OFF1_RG3_50"
"DE4-W","DE4-W_VRE-ONS_RG1_20-30"
"DE4-W","DE4-W_VRE-ONS_RG2_20-30"
"DE4-W","DE4-W_VRE-ONS_RG3_20-30"
"DE4-W","DE4-W_VRE-ONS_RG1_30-40"
"DE4-W","DE4-W_VRE-ONS_RG2_30-40"
"DE4-W","DE4-W_VRE-ONS_RG3_30-40"
"DE4-W","DE4-W_VRE-ONS_RG1_40-50"
"DE4-W","DE4-W_VRE-ONS_RG2_40-50"
"DE4-W","DE4-W_VRE-ONS_RG3_40-50"
"DE4-W","DE4-W_VRE-ONS_RG1_50"
"DE4-W","DE4-W_VRE-ONS_RG2_50"
"DE4-W","DE4-W_VRE-ONS_RG3_50"
"DE4-W","DE4-W_VRE-ONS-LW_RG1_20-30"
"DE4-W","DE4-W_VRE-ONS-LW_RG2_20-30"
"DE4-W","DE4-W_VRE-ONS-LW_RG3_20-30"
"DE4-W","DE4-W_VRE-ONS-LW_RG1_30-40"
"DE4-W","DE4-W_VRE-ONS-LW_RG2_30-40"
"DE4-W","DE4-W_VRE-ONS-LW_RG3_30-40"
"DE4-W","DE4-W_VRE-ONS-LW_RG1_40-50"
"DE4-W","DE4-W_VRE-ONS-LW_RG2_40-50"
"DE4-W","DE4-W_VRE-ONS-LW_RG3_40-50"
"DE4-W","DE4-W_VRE-ONS-LW_RG1_50"
"DE4-W","DE4-W_VRE-ONS-LW_RG2_50"
"DE4-W","DE4-W_VRE-ONS-LW_RG3_50"
"DE4-W","DE4-W_IND-HT-NODH"
"DE4-W","DE4-W_IND-HT-DH"
"DE4-W","DE4-W_IND-LT-NODH"
"DE4-W","DE4-W_IND-LT-DH"
"DE4-W","DE4-W_IND-MT-NODH"
"DE4-W","DE4-W_IND-MT-DH"
"DE4-W","DE4-W_IDVU-HOTWTR"
"DE4-W","DE4-W_IDVU-SPACEHEAT"
"NL","NL_A"
"NL","NL_Offshore"
"NL","NL_VRE-OFF1_RG2_20-30"
"NL","NL_VRE-OFF2_RG2_20-30"
"NL","NL_VRE-OFF2_RG3_20-30"
"NL","NL_VRE-OFF1_RG2_30-40"
"NL","NL_VRE-OFF2_RG2_30-40"
"NL","NL_VRE-OFF2_RG3_30-40"
"NL","NL_VRE-OFF1_RG2_40-50"
"NL","NL_VRE-OFF2_RG2_40-50"
"NL","NL_VRE-OFF2_RG3_40-50"
"NL","NL_VRE-OFF1_RG2_50"
"NL","NL_VRE-OFF2_RG2_50"
"NL","NL_VRE-OFF2_RG3_50"
"NL","NL_VRE-ONS_RG1_20-30"
"NL","NL_VRE-ONS_RG2_20-30"
"NL","NL_VRE-ONS_RG3_20-30"
"NL","NL_VRE-ONS_RG1_30-40"
"NL","NL_VRE-ONS_RG2_30-40"
"NL","NL_VRE-ONS_RG3_30-40"
"NL","NL_VRE-ONS_RG1_40-50"
"NL","NL_VRE-ONS_RG2_40-50"
"NL","NL_VRE-ONS_RG3_40-50"
"NL","NL_VRE-ONS_RG1_50"
"NL","NL_VRE-ONS_RG2_50"
"NL","NL_VRE-ONS_RG3_50"
"NL","NL_VRE-ONS-LW_RG1_20-30"
"NL","NL_VRE-ONS-LW_RG2_20-30"
"NL","NL_VRE-ONS-LW_RG3_20-30"
"NL","NL_VRE-ONS-LW_RG1_30-40"
"NL","NL_VRE-ONS-LW_RG2_30-40"
"NL","NL_VRE-ONS-LW_RG3_30-40"
"NL","NL_VRE-ONS-LW_RG1_40-50"
"NL","NL_VRE-ONS-LW_RG2_40-50"
"NL","NL_VRE-ONS-LW_RG3_40-50"
"NL","NL_VRE-ONS-LW_RG1_50"
"NL","NL_VRE-ONS-LW_RG2_50"
"NL","NL_VRE-ONS-LW_RG3_50"
"NL","NL_IND-HT-NODH"
"NL","NL_IND-HT-DH"
"NL","NL_IND-LT-NODH"
"NL","NL_IND-LT-DH"
"NL","NL_IND-MT-NODH"
"NL","NL_IND-MT-DH"
"NL","NL_IDVU-HOTWTR"
"NL","NL_IDVU-SPACEHEAT"
"NO1","NO1_A1"
"NO1","NO1_A2"
"NO1","NO1_A3"
"NO1","NO1_VRE-ONS_RG1_20-30"
"NO1","NO1_VRE-ONS_RG2_20-30"
"NO1","NO1_VRE-ONS_RG3_20-30"
"NO1","NO1_VRE-ONS_RG1_30-40"
"NO1","NO1_VRE-ONS_RG2_30-40"
"NO1","NO1_VRE-ONS_RG3_30-40"
"NO1","NO1_VRE-ONS_RG1_40-50"
"NO1","NO1_VRE-ONS_RG2_40-50"
"NO1","NO1_VRE-ONS_RG3_40-50"
"NO1","NO1_VRE-ONS_RG1_50"
"NO1","NO1_VRE-ONS_RG2_50"
"NO1","NO1_VRE-ONS_RG3_50"
"NO1","NO1_VRE-ONS-LW_RG1_20-30"
"NO1","NO1_VRE-ONS-LW_RG2_20-30"
"NO1","NO1_VRE-ONS-LW_RG3_20-30"
"NO1","NO1_VRE-ONS-LW_RG1_30-40"
"NO1","NO1_VRE-ONS-LW_RG2_30-40"
"NO1","NO1_VRE-ONS-LW_RG3_30-40"
"NO1","NO1_VRE-ONS-LW_RG1_40-50"
"NO1","NO1_VRE-ONS-LW_RG2_40-50"
"NO1","NO1_VRE-ONS-LW_RG3_40-50"
"NO1","NO1_VRE-ONS-LW_RG1_50"
"NO1","NO1_VRE-ONS-LW_RG2_50"
"NO1","NO1_VRE-ONS-LW_RG3_50"
"NO1","NO1_IND-HT-NODH"
"NO1","NO1_IND-HT-DH"
"NO1","NO1_IND-LT-NODH"
"NO1","NO1_IND-LT-DH"
"NO1","NO1_IND-MT-NODH"
"NO1","NO1_IND-MT-DH"
"NO1","NO1_IDVU-HOTWTR"
"NO1","NO1_IDVU-SPACEHEAT"
"NO2","NO2_A1"
"NO2","NO2_A2"
"NO2","NO2_VRE-OFF1_RG2_20-30"
"NO2","NO2_VRE-OFF1_RG3_20-30"
"NO2","NO2_VRE-OFF1_RG2_30-40"
"NO2","NO2_VRE-OFF1_RG3_30-40"
"NO2","NO2_VRE-OFF1_RG2_40-50"
"NO2","NO2_VRE-OFF1_RG3_40-50"
"NO2","NO2_VRE-OFF1_RG2_50"
"NO2","NO2_VRE-OFF1_RG3_50"
"NO2","NO2_VRE-ONS_RG1_20-30"
"NO2","NO2_VRE-ONS_RG2_20-30"
"NO2","NO2_VRE-ONS_RG3_20-30"
"NO2","NO2_VRE-ONS_RG1_30-40"
"NO2","NO2_VRE-ONS_RG2_30-40"
"NO2","NO2_VRE-ONS_RG3_30-40"
"NO2","NO2_VRE-ONS_RG1_40-50"
"NO2","NO2_VRE-ONS_RG2_40-50"
"NO2","NO2_VRE-ONS_RG3_40-50"
"NO2","NO2_VRE-ONS_RG1_50"
"NO2","NO2_VRE-ONS_RG2_50"
"NO2","NO2_VRE-ONS_RG3_50"
"NO2","NO2_VRE-ONS-LW_RG1_20-30"
"NO2","NO2_VRE-ONS-LW_RG2_20-30"
"NO2","NO2_VRE-ONS-LW_RG3_20-30"
"NO2","NO2_VRE-ONS-LW_RG1_30-40"
"NO2","NO2_VRE-ONS-LW_RG2_30-40"
"NO2","NO2_VRE-ONS-LW_RG3_30-40"
"NO2","NO2_VRE-ONS-LW_RG1_40-50"
"NO2","NO2_VRE-ONS-LW_RG2_40-50"
"NO2","NO2_VRE-ONS-LW_RG3_40-50"
"NO2","NO2_VRE-ONS-LW_RG1_50"
"NO2","NO2_VRE-ONS-LW_RG2_50"
"NO2","NO2_VRE-ONS-LW_RG3_50"
"NO2","NO2_IND-HT-NODH"
"NO2","NO2_IND-HT-DH"
"NO2","NO2_IND-LT-NODH"
"NO2","NO2_IND-LT-DH"
"NO2","NO2_IND-MT-NODH"
"NO2","NO2_IND-MT-DH"
"NO2","NO2_IDVU-HOTWTR"
"NO2","NO2_IDVU-SPACEHEAT"
"NO3","NO3_A1"
"NO3","NO3_A2"
"NO3","NO3_A3"
"NO3","NO3_VRE-OFF1_RG1_20-30"
"NO3","NO3_VRE-OFF1_RG2_20-30"
"NO3","NO3_VRE-OFF1_RG3_20-30"
"NO3","NO3_VRE-OFF1_RG1_30-40"
"NO3","NO3_VRE-OFF1_RG2_30-40"
"NO3","NO3_VRE-OFF1_RG3_30-40"
"NO3","NO3_VRE-OFF1_RG1_40-50"
"NO3","NO3_VRE-OFF1_RG2_40-50"
"NO3","NO3_VRE-OFF1_RG3_40-50"
"NO3","NO3_VRE-OFF1_RG1_50"
"NO3","NO3_VRE-OFF1_RG2_50"
"NO3","NO3_VRE-OFF1_RG3_50"
"NO3","NO3_VRE-ONS_RG1_20-30"
"NO3","NO3_VRE-ONS_RG2_20-30"
"NO3","NO3_VRE-ONS_RG3_20-30"
"NO3","NO3_VRE-ONS_RG1_30-40"
"NO3","NO3_VRE-ONS_RG2_30-40"
"NO3","NO3_VRE-ONS_RG3_30-40"
"NO3","NO3_VRE-ONS_RG1_40-50"
"NO3","NO3_VRE-ONS_RG2_40-50"
"NO3","NO3_VRE-ONS_RG3_40-50"
"NO3","NO3_VRE-ONS_RG1_50"
"NO3","NO3_VRE-ONS_RG2_50"
"NO3","NO3_VRE-ONS_RG3_50"
"NO3","NO3_VRE-ONS-LW_RG1_20-30"
"NO3","NO3_VRE-ONS-LW_RG2_20-30"
"NO3","NO3_VRE-ONS-LW_RG3_20-30"
"NO3","NO3_VRE-ONS-LW_RG1_30-40"
"NO3","NO3_VRE-ONS-LW_RG2_30-40"
"NO3","NO3_VRE-ONS-LW_RG3_30-40"
"NO3","NO3_VRE-ONS-LW_RG1_40-50"
"NO3","NO3_VRE-ONS-LW_RG2_40-50"
"NO3","NO3_VRE-ONS-LW_RG3_40-50"
"NO3","NO3_VRE-ONS-LW_RG1_50"
"NO3","NO3_VRE-ONS-LW_RG2_50"
"NO3","NO3_VRE-ONS-LW_RG3_50"
"NO3","NO3_IND-HT-NODH"
"NO3","NO3_IND-HT-DH"
"NO3","NO3_IND-LT-NODH"
"NO3","NO3_IND-LT-DH"
"NO3","NO3_IND-MT-NODH"
"NO3","NO3_IND-MT-DH"
"NO3","NO3_IDVU-HOTWTR"
"NO3","NO3_IDVU-SPACEHEAT"
"NO4","NO4_A1"
"NO4","NO4_A2"
"NO4","NO4_VRE-OFF1_RG1_20-30"
"NO4","NO4_VRE-OFF1_RG2_20-30"
"NO4","NO4_VRE-OFF1_RG3_20-30"
"NO4","NO4_VRE-OFF1_RG1_30-40"
"NO4","NO4_VRE-OFF1_RG2_30-40"
"NO4","NO4_VRE-OFF1_RG3_30-40"
"NO4","NO4_VRE-OFF1_RG1_40-50"
"NO4","NO4_VRE-OFF1_RG2_40-50"
"NO4","NO4_VRE-OFF1_RG3_40-50"
"NO4","NO4_VRE-OFF1_RG1_50"
"NO4","NO4_VRE-OFF1_RG2_50"
"NO4","NO4_VRE-OFF1_RG3_50"
"NO4","NO4_VRE-ONS_RG1_20-30"
"NO4","NO4_VRE-ONS_RG2_20-30"
"NO4","NO4_VRE-ONS_RG3_20-30"
"NO4","NO4_VRE-ONS_RG1_30-40"
"NO4","NO4_VRE-ONS_RG2_30-40"
"NO4","NO4_VRE-ONS_RG3_30-40"
"NO4","NO4_VRE-ONS_RG1_40-50"
"NO4","NO4_VRE-ONS_RG2_40-50"
"NO4","NO4_VRE-ONS_RG3_40-50"
"NO4","NO4_VRE-ONS_RG1_50"
"NO4","NO4_VRE-ONS_RG2_50"
"NO4","NO4_VRE-ONS_RG3_50"
"NO4","NO4_VRE-ONS-LW_RG1_20-30"
"NO4","NO4_VRE-ONS-LW_RG2_20-30"
"NO4","NO4_VRE-ONS-LW_RG3_20-30"
"NO4","NO4_VRE-ONS-LW_RG1_30-40"
"NO4","NO4_VRE-ONS-LW_RG2_30-40"
"NO4","NO4_VRE-ONS-LW_RG3_30-40"
"NO4","NO4_VRE-ONS-LW_RG1_40-50"
"NO4","NO4_VRE-ONS-LW_RG2_40-50"
"NO4","NO4_VRE-ONS-LW_RG3_40-50"
"NO4","NO4_VRE-ONS-LW_RG1_50"
"NO4","NO4_VRE-ONS-LW_RG2_50"
"NO4","NO4_VRE-ONS-LW_RG3_50"
"NO4","NO4_IND-HT-NODH"
"NO4","NO4_IND-HT-DH"
"NO4","NO4_IND-LT-NODH"
"NO4","NO4_IND-LT-DH"
"NO4","NO4_IND-MT-NODH"
"NO4","NO4_IND-MT-DH"
"NO4","NO4_IDVU-HOTWTR"
"NO4","NO4_IDVU-SPACEHEAT"
"NO5","NO5_A1"
"NO5","NO5_A2"
"NO5","NO5_VRE-OFF1_RG2_20-30"
"NO5","NO5_VRE-OFF1_RG2_30-40"
"NO5","NO5_VRE-OFF1_RG2_40-50"
"NO5","NO5_VRE-OFF1_RG2_50"
"NO5","NO5_VRE-ONS_RG1_20-30"
"NO5","NO5_VRE-ONS_RG2_20-30"
"NO5","NO5_VRE-ONS_RG3_20-30"
"NO5","NO5_VRE-ONS_RG1_30-40"
"NO5","NO5_VRE-ONS_RG2_30-40"
"NO5","NO5_VRE-ONS_RG3_30-40"
"NO5","NO5_VRE-ONS_RG1_40-50"
"NO5","NO5_VRE-ONS_RG2_40-50"
"NO5","NO5_VRE-ONS_RG3_40-50"
"NO5","NO5_VRE-ONS_RG1_50"
"NO5","NO5_VRE-ONS_RG2_50"
"NO5","NO5_VRE-ONS_RG3_50"
"NO5","NO5_VRE-ONS-LW_RG1_20-30"
"NO5","NO5_VRE-ONS-LW_RG2_20-30"
"NO5","NO5_VRE-ONS-LW_RG3_20-30"
"NO5","NO5_VRE-ONS-LW_RG1_30-40"
"NO5","NO5_VRE-ONS-LW_RG2_30-40"
"NO5","NO5_VRE-ONS-LW_RG3_30-40"
"NO5","NO5_VRE-ONS-LW_RG1_40-50"
"NO5","NO5_VRE-ONS-LW_RG2_40-50"
"NO5","NO5_VRE-ONS-LW_RG3_40-50"
"NO5","NO5_VRE-ONS-LW_RG1_50"
"NO5","NO5_VRE-ONS-LW_RG2_50"
"NO5","NO5_VRE-ONS-LW_RG3_50"
"NO5","NO5_IND-HT-NODH"
"NO5","NO5_IND-HT-DH"
"NO5","NO5_IND-LT-NODH"
"NO5","NO5_IND-LT-DH"
"NO5","NO5_IND-MT-NODH"
"NO5","NO5_IND-MT-DH"
"NO5","NO5_IDVU-HOTWTR"
"NO5","NO5_IDVU-SPACEHEAT"
"SE1","SE1A"
"SE1","SE1_medium"
"SE1","SE1_small"
"SE1","SE1_VRE-OFF1_RG2_20-30"
"SE1","SE1_VRE-OFF1_RG2_30-40"
"SE1","SE1_VRE-OFF1_RG2_40-50"
"SE1","SE1_VRE-OFF1_RG2_50"
"SE1","SE1_VRE-ONS_RG1_20-30"
"SE1","SE1_VRE-ONS_RG2_20-30"
"SE1","SE1_VRE-ONS_RG3_20-30"
"SE1","SE1_VRE-ONS_RG1_30-40"
"SE1","SE1_VRE-ONS_RG2_30-40"
"SE1","SE1_VRE-ONS_RG3_30-40"
"SE1","SE1_VRE-ONS_RG1_40-50"
"SE1","SE1_VRE-ONS_RG2_40-50"
"SE1","SE1_VRE-ONS_RG3_40-50"
"SE1","SE1_VRE-ONS_RG1_50"
"SE1","SE1_VRE-ONS_RG2_50"
"SE1","SE1_VRE-ONS_RG3_50"
"SE1","SE1_VRE-ONS-LW_RG1_20-30"
"SE1","SE1_VRE-ONS-LW_RG2_20-30"
"SE1","SE1_VRE-ONS-LW_RG3_20-30"
"SE1","SE1_VRE-ONS-LW_RG1_30-40"
"SE1","SE1_VRE-ONS-LW_RG2_30-40"
"SE1","SE1_VRE-ONS-LW_RG3_30-40"
"SE1","SE1_VRE-ONS-LW_RG1_40-50"
"SE1","SE1_VRE-ONS-LW_RG2_40-50"
"SE1","SE1_VRE-ONS-LW_RG3_40-50"
"SE1","SE1_VRE-ONS-LW_RG1_50"
"SE1","SE1_VRE-ONS-LW_RG2_50"
"SE1","SE1_VRE-ONS-LW_RG3_50"
"SE1","SE1_IND-HT-NODH"
"SE1","SE1_IND-HT-DH"
"SE1","SE1_IND-LT-NODH"
"SE1","SE1_IND-LT-DH"
"SE1","SE1_IND-MT-NODH"
"SE1","SE1_IND-MT-DH"
"SE1","SE1_IDVU-HOTWTR"
"SE1","SE1_IDVU-SPACEHEAT"
"SE2","SE2A"
"SE2","SE2_medium"
"SE2","SE2_small"
"SE2","SE2_VRE-OFF1_RG2_20-30"
"SE2","SE2_VRE-OFF1_RG2_30-40"
"SE2","SE2_VRE-OFF1_RG2_40-50"
"SE2","SE2_VRE-OFF1_RG2_50"
"SE2","SE2_VRE-ONS_RG1_20-30"
"SE2","SE2_VRE-ONS_RG2_20-30"
"SE2","SE2_VRE-ONS_RG3_20-30"
"SE2","SE2_VRE-ONS_RG1_30-40"
"SE2","SE2_VRE-ONS_RG2_30-40"
"SE2","SE2_VRE-ONS_RG3_30-40"
"SE2","SE2_VRE-ONS_RG1_40-50"
"SE2","SE2_VRE-ONS_RG2_40-50"
"SE2","SE2_VRE-ONS_RG3_40-50"
"SE2","SE2_VRE-ONS_RG1_50"
"SE2","SE2_VRE-ONS_RG2_50"
"SE2","SE2_VRE-ONS_RG3_50"
"SE2","SE2_VRE-ONS-LW_RG1_20-30"
"SE2","SE2_VRE-ONS-LW_RG2_20-30"
"SE2","SE2_VRE-ONS-LW_RG3_20-30"
"SE2","SE2_VRE-ONS-LW_RG1_30-40"
"SE2","SE2_VRE-ONS-LW_RG2_30-40"
"SE2","SE2_VRE-ONS-LW_RG3_30-40"
"SE2","SE2_VRE-ONS-LW_RG1_40-50"
"SE2","SE2_VRE-ONS-LW_RG2_40-50"
"SE2","SE2_VRE-ONS-LW_RG3_40-50"
"SE2","SE2_VRE-ONS-LW_RG1_50"
"SE2","SE2_VRE-ONS-LW_RG2_50"
"SE2","SE2_VRE-ONS-LW_RG3_50"
"SE2","SE2_IND-HT-NODH"
"SE2","SE2_IND-HT-DH"
"SE2","SE2_IND-LT-NODH"
"SE2","SE2_IND-LT-DH"
"SE2","SE2_IND-MT-NODH"
"SE2","SE2_IND-MT-DH"
"SE2","SE2_IDVU-HOTWTR"
"SE2","SE2_IDVU-SPACEHEAT"
"SE3","SE3A"
"SE3","SE3_large"
"SE3","SE3_medium"
"SE3","SE3_small"
"SE3","SE3_VRE-OFF1_RG2_20-30"
"SE3","SE3_VRE-OFF1_RG2_30-40"
"SE3","SE3_VRE-OFF1_RG2_40-50"
"SE3","SE3_VRE-OFF1_RG2_50"
"SE3","SE3_VRE-ONS_RG1_20-30"
"SE3","SE3_VRE-ONS_RG2_20-30"
"SE3","SE3_VRE-ONS_RG3_20-30"
"SE3","SE3_VRE-ONS_RG1_30-40"
"SE3","SE3_VRE-ONS_RG2_30-40"
"SE3","SE3_VRE-ONS_RG3_30-40"
"SE3","SE3_VRE-ONS_RG1_40-50"
"SE3","SE3_VRE-ONS_RG2_40-50"
"SE3","SE3_VRE-ONS_RG3_40-50"
"SE3","SE3_VRE-ONS_RG1_50"
"SE3","SE3_VRE-ONS_RG2_50"
"SE3","SE3_VRE-ONS_RG3_50"
"SE3","SE3_VRE-ONS-LW_RG1_20-30"
"SE3","SE3_VRE-ONS-LW_RG2_20-30"
"SE3","SE3_VRE-ONS-LW_RG3_20-30"
"SE3","SE3_VRE-ONS-LW_RG1_30-40"
"SE3","SE3_VRE-ONS-LW_RG2_30-40"
"SE3","SE3_VRE-ONS-LW_RG3_30-40"
"SE3","SE3_VRE-ONS-LW_RG1_40-50"
"SE3","SE3_VRE-ONS-LW_RG2_40-50"
"SE3","SE3_VRE-ONS-LW_RG3_40-50"
"SE3","SE3_VRE-ONS-LW_RG1_50"
"SE3","SE3_VRE-ONS-LW_RG2_50"
"SE3","SE3_VRE-ONS-LW_RG3_50"
"SE3","SE3_IND-HT-NODH"
"SE3","SE3_IND-HT-DH"
"SE3","SE3_IND-LT-NODH"
"SE3","SE3_IND-LT-DH"
"SE3","SE3_IND-MT-NODH"
"SE3","SE3_IND-MT-DH"
"SE3","SE3_IDVU-HOTWTR"
"SE3","SE3_IDVU-SPACEHEAT"
"SE4","SE4A"
"SE4","SE4_large"
"SE4","SE4_medium"
"SE4","SE4_small"
"SE4","SE4_VRE-OFF1_RG2_20-30"
"SE4","SE4_VRE-OFF1_RG2_30-40"
"SE4","SE4_VRE-OFF1_RG2_40-50"
"SE4","SE4_VRE-OFF1_RG2_50"
"SE4","SE4_VRE-ONS_RG1_20-30"
"SE4","SE4_VRE-ONS_RG2_20-30"
"SE4","SE4_VRE-ONS_RG3_20-30"
"SE4","SE4_VRE-ONS_RG1_30-40"
"SE4","SE4_VRE-ONS_RG2_30-40"
"SE4","SE4_VRE-ONS_RG3_30-40"
"SE4","SE4_VRE-ONS_RG1_40-50"
"SE4","SE4_VRE-ONS_RG2_40-50"
"SE4","SE4_VRE-ONS_RG3_40-50"
"SE4","SE4_VRE-ONS_RG1_50"
"SE4","SE4_VRE-ONS_RG2_50"
"SE4","SE4_VRE-ONS_RG3_50"
"SE4","SE4_VRE-ONS-LW_RG1_20-30"
"SE4","SE4_VRE-ONS-LW_RG2_20-30"
"SE4","SE4_VRE-ONS-LW_RG3_20-30"
"SE4","SE4_VRE-ONS-LW_RG1_30-40"
"SE4","SE4_VRE-ONS-LW_RG2_30-40"
"SE4","SE4_VRE-ONS-LW_RG3_30-40"
"SE4","SE4_VRE-ONS-LW_RG1_40-50"
"SE4","SE4_VRE-ONS-LW_RG2_40-50"
"SE4","SE4_VRE-ONS-LW_RG3_40-50"
"SE4","SE4_VRE-ONS-LW_RG1_50"
"SE4","SE4_VRE-ONS-LW_RG2_50"
"SE4","SE4_VRE-ONS-LW_RG3_50"
"SE4","SE4_IND-HT-NODH"
"SE4","SE4_IND-HT-DH"
"SE4","SE4_IND-LT-NODH"
"SE4","SE4_IND-LT-DH"
"SE4","SE4_IND-MT-NODH"
"SE4","SE4_IND-MT-DH"
"SE4","SE4_IDVU-HOTWTR"
"SE4","SE4_IDVU-SPACEHEAT"
"UK","UK_A"
"UK","UK_Offshore"
"UK","UK_VRE-OFF2_RG2_20-30"
"UK","UK_VRE-OFF2_RG3_20-30"
"UK","UK_VRE-OFF1_RG2_20-30"
"UK","UK_VRE-OFF3_RG1_20-30"
"UK","UK_VRE-OFF3_RG2_20-30"
"UK","UK_VRE-OFF3_RG3_20-30"
"UK","UK_VRE-OFF4_RG2_20-30"
"UK","UK_VRE-OFF4_RG3_20-30"
"UK","UK_VRE-OFF5_RG1_20-30"
"UK","UK_VRE-OFF5_RG2_20-30"
"UK","UK_VRE-OFF5_RG3_20-30"
"UK","UK_VRE-OFF2_RG2_30-40"
"UK","UK_VRE-OFF2_RG3_30-40"
"UK","UK_VRE-OFF1_RG2_30-40"
"UK","UK_VRE-OFF3_RG1_30-40"
"UK","UK_VRE-OFF3_RG2_30-40"
"UK","UK_VRE-OFF3_RG3_30-40"
"UK","UK_VRE-OFF4_RG2_30-40"
"UK","UK_VRE-OFF4_RG3_30-40"
"UK","UK_VRE-OFF5_RG1_30-40"
"UK","UK_VRE-OFF5_RG2_30-40"
"UK","UK_VRE-OFF5_RG3_30-40"
"UK","UK_VRE-OFF2_RG2_40-50"
"UK","UK_VRE-OFF2_RG3_40-50"
"UK","UK_VRE-OFF1_RG2_40-50"
"UK","UK_VRE-OFF3_RG1_40-50"
"UK","UK_VRE-OFF3_RG2_40-50"
"UK","UK_VRE-OFF3_RG3_40-50"
"UK","UK_VRE-OFF4_RG2_40-50"
"UK","UK_VRE-OFF4_RG3_40-50"
"UK","UK_VRE-OFF5_RG1_40-50"
"UK","UK_VRE-OFF5_RG2_40-50"
"UK","UK_VRE-OFF5_RG3_40-50"
"UK","UK_VRE-OFF2_RG2_50"
"UK","UK_VRE-OFF2_RG3_50"
"UK","UK_VRE-OFF1_RG2_50"
"UK","UK_VRE-OFF3_RG1_50"
"UK","UK_VRE-OFF3_RG2_50"
"UK","UK_VRE-OFF3_RG3_50"
"UK","UK_VRE-OFF4_RG2_50"
"UK","UK_VRE-OFF4_RG3_50"
"UK","UK_VRE-OFF5_RG1_50"
"UK","UK_VRE-OFF5_RG2_50"
"UK","UK_VRE-OFF5_RG3_50"
"UK","UK_VRE-ONS_RG1_20-30"
"UK","UK_VRE-ONS_RG2_20-30"
"UK","UK_VRE-ONS_RG3_20-30"
"UK","UK_VRE-ONS_RG1_30-40"
"UK","UK_VRE-ONS_RG2_30-40"
"UK","UK_VRE-ONS_RG3_30-40"
"UK","UK_VRE-ONS_RG1_40-50"
"UK","UK_VRE-ONS_RG2_40-50"
"UK","UK_VRE-ONS_RG3_40-50"
"UK","UK_VRE-ONS_RG1_50"
"UK","UK_VRE-ONS_RG2_50"
"UK","UK_VRE-ONS_RG3_50"
"UK","UK_VRE-ONS-LW_RG1_20-30"
"UK","UK_VRE-ONS-LW_RG2_20-30"
"UK","UK_VRE-ONS-LW_RG3_20-30"
"UK","UK_VRE-ONS-LW_RG1_30-40"
"UK","UK_VRE-ONS-LW_RG2_30-40"
"UK","UK_VRE-ONS-LW_RG3_30-40"
"UK","UK_VRE-ONS-LW_RG1_40-50"
"UK","UK_VRE-ONS-LW_RG2_40-50"
"UK","UK_VRE-ONS-LW_RG3_40-50"
"UK","UK_VRE-ONS-LW_RG1_50"
"UK","UK_VRE-ONS-LW_RG2_50"
"UK","UK_VRE-ONS-LW_RG3_50"
"UK","UK_IND-HT-NODH"
"UK","UK_IND-HT-DH"
"UK","UK_IND-LT-NODH"
"UK","UK_IND-LT-DH"
"UK","UK_IND-MT-NODH"
"UK","UK_IND-MT-DH"
"UK","UK_IDVU-HOTWTR"
"UK","UK_IDVU-SPACEHEAT"
"EE","EE_A"
"EE","EE_Enefit"
"EE","EE_Kohtla_Jarve"
"EE","EE_Narva"
"EE","EE_Parnu"
"EE","EE_Rural"
"EE","EE_Sillamae"
"EE","EE_Tallinn"
"EE","EE_Tartu"
"EE","EE_Urban"
"EE","EE_VRE-OFF1_RG2_20-30"
"EE","EE_VRE-OFF1_RG2_30-40"
"EE","EE_VRE-OFF1_RG2_40-50"
"EE","EE_VRE-OFF1_RG2_50"
"EE","EE_VRE-ONS_RG1_20-30"
"EE","EE_VRE-ONS_RG2_20-30"
"EE","EE_VRE-ONS_RG3_20-30"
"EE","EE_VRE-ONS_RG1_30-40"
"EE","EE_VRE-ONS_RG2_30-40"
"EE","EE_VRE-ONS_RG3_30-40"
"EE","EE_VRE-ONS_RG1_40-50"
"EE","EE_VRE-ONS_RG2_40-50"
"EE","EE_VRE-ONS_RG3_40-50"
"EE","EE_VRE-ONS_RG1_50"
"EE","EE_VRE-ONS_RG2_50"
"EE","EE_VRE-ONS_RG3_50"
"EE","EE_VRE-ONS-LW_RG1_20-30"
"EE","EE_VRE-ONS-LW_RG2_20-30"
"EE","EE_VRE-ONS-LW_RG3_20-30"
"EE","EE_VRE-ONS-LW_RG1_30-40"
"EE","EE_VRE-ONS-LW_RG2_30-40"
"EE","EE_VRE-ONS-LW_RG3_30-40"
"EE","EE_VRE-ONS-LW_RG1_40-50"
"EE","EE_VRE-ONS-LW_RG2_40-50"
"EE","EE_VRE-ONS-LW_RG3_40-50"
"EE","EE_VRE-ONS-LW_RG1_50"
"EE","EE_VRE-ONS-LW_RG2_50"
"EE","EE_VRE-ONS-LW_RG3_50"
"EE","EE_IND-HT-NODH"
"EE","EE_IND-HT-DH"
"EE","EE_IND-LT-NODH"
"EE","EE_IND-LT-DH"
"EE","EE_IND-MT-NODH"
"EE","EE_IND-MT-DH"
"EE","EE_IDVU-HOTWTR"
"EE","EE_IDVU-SPACEHEAT"
"LV","LV_A"
"LV","LV_Other_DH"
"LV","LV_RigaR"
"LV","LV_Rural"
"LV","LV_VRE-OFF1_RG2_20-30"
"LV","LV_VRE-OFF1_RG2_30-40"
"LV","LV_VRE-OFF1_RG2_40-50"
"LV","LV_VRE-OFF1_RG2_50"
"LV","LV_VRE-ONS_RG1_20-30"
"LV","LV_VRE-ONS_RG2_20-30"
"LV","LV_VRE-ONS_RG3_20-30"
"LV","LV_VRE-ONS_RG1_30-40"
"LV","LV_VRE-ONS_RG2_30-40"
"LV","LV_VRE-ONS_RG3_30-40"
"LV","LV_VRE-ONS_RG1_40-50"
"LV","LV_VRE-ONS_RG2_40-50"
"LV","LV_VRE-ONS_RG3_40-50"
"LV","LV_VRE-ONS_RG1_50"
"LV","LV_VRE-ONS_RG2_50"
"LV","LV_VRE-ONS_RG3_50"
"LV","LV_VRE-ONS-LW_RG1_20-30"
"LV","LV_VRE-ONS-LW_RG2_20-30"
"LV","LV_VRE-ONS-LW_RG3_20-30"
"LV","LV_VRE-ONS-LW_RG1_30-40"
"LV","LV_VRE-ONS-LW_RG2_30-40"
"LV","LV_VRE-ONS-LW_RG3_30-40"
"LV","LV_VRE-ONS-LW_RG1_40-50"
"LV","LV_VRE-ONS-LW_RG2_40-50"
"LV","LV_VRE-ONS-LW_RG3_40-50"
"LV","LV_VRE-ONS-LW_RG1_50"
"LV","LV_VRE-ONS-LW_RG2_50"
"LV","LV_VRE-ONS-LW_RG3_50"
"LV","LV_IND-HT-NODH"
"LV","LV_IND-HT-DH"
"LV","LV_IND-LT-NODH"
"LV","LV_IND-LT-DH"
"LV","LV_IND-MT-NODH"
"LV","LV_IND-MT-DH"
"LV","LV_IDVU-HOTWTR"
"LV","LV_IDVU-SPACEHEAT"
"LT","LT_A"
"LT","LT_KauU"
"LT","LT_KlaU"
"LT","LT_Other_DH"
"LT","LT_Panevezys"
"LT","LT_Rural"
"LT","LT_SiaU"
"LT","LT_VilU"
"LT","LT_VRE-OFF1_RG2_20-30"
"LT","LT_VRE-OFF1_RG2_30-40"
"LT","LT_VRE-OFF1_RG2_40-50"
"LT","LT_VRE-OFF1_RG2_50"
"LT","LT_VRE-ONS_RG1_20-30"
"LT","LT_VRE-ONS_RG2_20-30"
"LT","LT_VRE-ONS_RG3_20-30"
"LT","LT_VRE-ONS_RG1_30-40"
"LT","LT_VRE-ONS_RG2_30-40"
"LT","LT_VRE-ONS_RG3_30-40"
"LT","LT_VRE-ONS_RG1_40-50"
"LT","LT_VRE-ONS_RG2_40-50"
"LT","LT_VRE-ONS_RG3_40-50"
"LT","LT_VRE-ONS_RG1_50"
"LT","LT_VRE-ONS_RG2_50"
"LT","LT_VRE-ONS_RG3_50"
"LT","LT_VRE-ONS-LW_RG1_20-30"
"LT","LT_VRE-ONS-LW_RG2_20-30"
"LT","LT_VRE-ONS-LW_RG3_20-30"
"LT","LT_VRE-ONS-LW_RG1_30-40"
"LT","LT_VRE-ONS-LW_RG2_30-40"
"LT","LT_VRE-ONS-LW_RG3_30-40"
"LT","LT_VRE-ONS-LW_RG1_40-50"
"LT","LT_VRE-ONS-LW_RG2_40-50"
"LT","LT_VRE-ONS-LW_RG3_40-50"
"LT","LT_VRE-ONS-LW_RG1_50"
"LT","LT_VRE-ONS-LW_RG2_50"
"LT","LT_VRE-ONS-LW_RG3_50"
"LT","LT_IND-HT-NODH"
"LT","LT_IND-HT-DH"
"LT","LT_IND-LT-NODH"
"LT","LT_IND-LT-DH"
"LT","LT_IND-MT-NODH"
"LT","LT_IND-MT-DH"
"LT","LT_IDVU-HOTWTR"
"LT","LT_IDVU-SPACEHEAT"
"PL","PL_A"
"PL","PL_Rural"
"PL","PL_Offshore"
"PL","PL_VRE-OFF1_RG2_20-30"
"PL","PL_VRE-OFF1_RG2_30-40"
"PL","PL_VRE-OFF1_RG2_40-50"
"PL","PL_VRE-OFF1_RG2_50"
"PL","PL_VRE-ONS_RG1_20-30"
"PL","PL_VRE-ONS_RG2_20-30"
"PL","PL_VRE-ONS_RG3_20-30"
"PL","PL_VRE-ONS_RG1_30-40"
"PL","PL_VRE-ONS_RG2_30-40"
"PL","PL_VRE-ONS_RG3_30-40"
"PL","PL_VRE-ONS_RG1_40-50"
"PL","PL_VRE-ONS_RG2_40-50"
"PL","PL_VRE-ONS_RG3_40-50"
"PL","PL_VRE-ONS_RG1_50"
"PL","PL_VRE-ONS_RG2_50"
"PL","PL_VRE-ONS_RG3_50"
"PL","PL_VRE-ONS-LW_RG1_20-30"
"PL","PL_VRE-ONS-LW_RG2_20-30"
"PL","PL_VRE-ONS-LW_RG3_20-30"
"PL","PL_VRE-ONS-LW_RG1_30-40"
"PL","PL_VRE-ONS-LW_RG2_30-40"
"PL","PL_VRE-ONS-LW_RG3_30-40"
"PL","PL_VRE-ONS-LW_RG1_40-50"
"PL","PL_VRE-ONS-LW_RG2_40-50"
"PL","PL_VRE-ONS-LW_RG3_40-50"
"PL","PL_VRE-ONS-LW_RG1_50"
"PL","PL_VRE-ONS-LW_RG2_50"
"PL","PL_VRE-ONS-LW_RG3_50"
"PL","PL_IND-HT-NODH"
"PL","PL_IND-HT-DH"
"PL","PL_IND-LT-NODH"
"PL","PL_IND-LT-DH"
"PL","PL_IND-MT-NODH"
"PL","PL_IND-MT-DH"
"PL","PL_IDVU-HOTWTR"
"PL","PL_IDVU-SPACEHEAT"
"BE","BE_A"
"BE","BE_Offshore"
"BE","BE_VRE-OFF1_RG2_20-30"
"BE","BE_VRE-OFF1_RG2_30-40"
"BE","BE_VRE-OFF1_RG2_40-50"
"BE","BE_VRE-OFF1_RG2_50"
"BE","BE_VRE-ONS_RG1_20-30"
"BE","BE_VRE-ONS_RG2_20-30"
"BE","BE_VRE-ONS_RG3_20-30"
"BE","BE_VRE-ONS_RG1_30-40"
"BE","BE_VRE-ONS_RG2_30-40"
"BE","BE_VRE-ONS_RG3_30-40"
"BE","BE_VRE-ONS_RG1_40-50"
"BE","BE_VRE-ONS_RG2_40-50"
"BE","BE_VRE-ONS_RG3_40-50"
"BE","BE_VRE-ONS_RG1_50"
"BE","BE_VRE-ONS_RG2_50"
"BE","BE_VRE-ONS_RG3_50"
"BE","BE_VRE-ONS-LW_RG1_20-30"
"BE","BE_VRE-ONS-LW_RG2_20-30"
"BE","BE_VRE-ONS-LW_RG3_20-30"
"BE","BE_VRE-ONS-LW_RG1_30-40"
"BE","BE_VRE-ONS-LW_RG2_30-40"
"BE","BE_VRE-ONS-LW_RG3_30-40"
"BE","BE_VRE-ONS-LW_RG1_40-50"
"BE","BE_VRE-ONS-LW_RG2_40-50"
"BE","BE_VRE-ONS-LW_RG3_40-50"
"BE","BE_VRE-ONS-LW_RG1_50"
"BE","BE_VRE-ONS-LW_RG2_50"
"BE","BE_VRE-ONS-LW_RG3_50"
"BE","BE_IND-HT-NODH"
"BE","BE_IND-HT-DH"
"BE","BE_IND-LT-NODH"
"BE","BE_IND-LT-DH"
"BE","BE_IND-MT-NODH"
"BE","BE_IND-MT-DH"
"BE","BE_IDVU-HOTWTR"
"BE","BE_IDVU-SPACEHEAT"
"FR","FR_A"
"FR","FR_Offshore"
"FR","FR_VRE-OFF1_RG2_20-30"
"FR","FR_VRE-OFF1_RG2_30-40"
"FR","FR_VRE-OFF1_RG2_40-50"
"FR","FR_VRE-OFF1_RG2_50"
"FR","FR_VRE-ONS_RG1_20-30"
"FR","FR_VRE-ONS_RG2_20-30"
"FR","FR_VRE-ONS_RG3_20-30"
"FR","FR_VRE-ONS_RG1_30-40"
"FR","FR_VRE-ONS_RG2_30-40"
"FR","FR_VRE-ONS_RG3_30-40"
"FR","FR_VRE-ONS_RG1_40-50"
"FR","FR_VRE-ONS_RG2_40-50"
"FR","FR_VRE-ONS_RG3_40-50"
"FR","FR_VRE-ONS_RG1_50"
"FR","FR_VRE-ONS_RG2_50"
"FR","FR_VRE-ONS_RG3_50"
"FR","FR_VRE-ONS-LW_RG1_20-30"
"FR","FR_VRE-ONS-LW_RG2_20-30"
"FR","FR_VRE-ONS-LW_RG3_20-30"
"FR","FR_VRE-ONS-LW_RG1_30-40"
"FR","FR_VRE-ONS-LW_RG2_30-40"
"FR","FR_VRE-ONS-LW_RG3_30-40"
"FR","FR_VRE-ONS-LW_RG1_40-50"
"FR","FR_VRE-ONS-LW_RG2_40-50"
"FR","FR_VRE-ONS-LW_RG3_40-50"
"FR","FR_VRE-ONS-LW_RG1_50"
"FR","FR_VRE-ONS-LW_RG2_50"
"FR","FR_VRE-ONS-LW_RG3_50"
"FR","FR_IND-HT-NODH"
"FR","FR_IND-HT-DH"
"FR","FR_IND-LT-NODH"
"FR","FR_IND-LT-DH"
"FR","FR_IND-MT-NODH"
"FR","FR_IND-MT-DH"
"FR","FR_IDVU-HOTWTR"
"FR","FR_IDVU-SPACEHEAT"
